COUNTSTATIONID,COUNTDATE,COUNTDIR,HOUR0,HOUR1,HOUR2,HOUR3,HOUR4,HOUR5,HOUR6,HOUR7,HOUR8,HOUR9,HOUR10,HOUR11,HOUR12,HOUR13,HOUR14,HOUR15,HOUR16,HOUR17,HOUR18,HOUR19,HOUR20,HOUR21,HOUR22,HOUR23,FormattedDate
106,20230101,P,72,68,66,49,82,212,359,672,982,1713,2525,2455,2484,2447,2681,2292,2221,1726,1297,940,637,396,265,134,1/1/2023
106,20230101,S,69,72,64,52,74,137,495,1407,1707,1522,1462,1611,1836,1799,1626,1599,1423,1027,736,573,492,351,302,154,1/1/2023
106,20230102,P,71,61,83,87,131,235,430,705,1028,1773,2395,2289,2112,2248,2369,2037,1308,1477,1380,976,588,356,208,123,1/2/2023
106,20230102,S,96,59,92,79,98,133,507,1475,1826,1618,1694,1735,1303,1326,1156,1142,945,779,625,391,366,244,263,222,1/2/2023
106,20230103,P,96,91,57,78,89,214,430,643,859,1017,1372,1351,1636,1705,1786,897,782,633,453,581,739,98,11,328,1/3/2023
106,20230103,S,143,94,101,87,119,196,512,1137,1556,1578,1582,1477,1246,1162,1176,694,579,761,598,784,581,257,199,181,1/3/2023
106,20230104,P,126,88,76,82,114,194,355,553,908,990,1202,1459,1346,1585,1776,1861,1681,1253,820,599,406,370,221,147,1/4/2023
106,20230104,S,140,82,83,115,130,230,463,1244,1498,1571,1401,1313,1283,1132,1149,1223,1083,851,661,587,463,330,253,175,1/4/2023
106,20230105,P,108,103,60,88,98,188,330,519,773,956,1125,1103,1311,1538,1955,2174,2073,1378,874,568,417,275,158,107,1/5/2023
106,20230105,S,129,117,102,80,108,228,572,1419,1816,1660,1698,1599,1139,1047,1255,1206,1275,1139,976,829,656,430,371,229,1/5/2023
106,20230106,P,75,66,58,74,113,159,374,576,715,997,1416,1349,1381,1636,1911,1981,1814,1350,721,520,380,296,206,117,1/6/2023
106,20230106,S,156,126,107,73,108,226,588,1633,1821,1878,1571,1373,1206,1290,1429,1710,2149,1898,1674,1367,997,617,403,266,1/6/2023
106,20230107,P,102,69,82,73,91,183,401,611,868,1226,1723,1714,1825,2233,2529,1942,1706,1940,1924,985,668,364,217,136,1/7/2023
106,20230107,S,139,97,62,64,124,343,1740,1883,1974,1820,1856,2082,2159,1461,1377,1390,1198,1006,777,552,432,411,243,171,1/7/2023
106,20230108,P,83,53,68,73,108,221,415,718,980,1985,2764,2646,2615,2310,1861,1802,1774,1859,1907,1427,787,328,207,102,1/8/2023
106,20230108,S,98,69,52,53,67,162,1078,1731,1648,1625,1642,1313,1273,1213,1218,1282,1096,813,772,729,463,323,210,156,1/8/2023
106,20230110,P,48,56,54,48,66,135,311,466,594,839,963,919,1089,1334,1467,1465,1426,1029,626,493,331,244,232,121,1/10/2023
106,20230110,S,136,107,91,80,119,252,511,1084,1533,1668,1319,1073,873,877,881,903,885,644,525,474,331,315,218,213,1/10/2023
106,20230111,P,77,59,51,65,82,138,214,506,597,714,807,634,285,43,747,569,671,566,996,688,872,446,327,105,1/11/2023
106,20230111,S,106,86,86,88,130,209,390,775,1106,1146,1018,483,7,81,277,414,1168,826,1069,335,604,329,231,192,1/11/2023
106,20230112,P,248,83,87,88,104,188,316,564,807,922,1174,1125,1481,1637,1971,2034,1961,1214,905,547,370,266,171,141,1/12/2023
106,20230112,S,201,153,115,111,131,233,694,1657,1904,1738,1622,1507,1126,1242,1308,1269,1375,1202,1080,995,835,663,532,327,1/12/2023
106,20230113,P,77,78,63,79,104,182,372,509,833,959,1135,1259,1482,1786,2130,1773,2094,1825,1105,682,453,349,168,146,1/13/2023
106,20230113,S,242,178,141,132,162,230,881,1785,2118,1897,2084,1558,1530,1746,1881,2198,2282,2227,2164,1748,1460,998,659,422,1/13/2023
106,20230114,P,87,72,69,69,90,167,335,554,807,1170,1541,1480,1675,1914,2216,2262,1980,1696,1111,779,502,337,220,130,1/14/2023
106,20230114,S,309,224,148,107,132,438,1694,1931,1873,1796,1946,1743,1576,1586,1668,1555,1623,1180,939,767,619,473,315,175,1/14/2023
106,20230115,P,107,54,68,64,86,146,330,550,879,1475,1925,2004,2037,2251,2114,1280,1152,1303,1290,1221,917,508,240,121,1/15/2023
106,20230115,S,107,79,72,58,70,205,1316,1672,1651,1774,1604,1455,1198,1194,1057,926,711,49,160,1359,405,342,249,161,1/15/2023
106,20230116,P,75,58,70,106,25,0,243,0,1213,2047,2692,2552,2464,2183,1899,1982,1750,1796,1978,1092,769,333,185,103,1/16/2023
106,20230116,S,90,100,66,91,121,278,968,1352,1591,1688,1809,1669,1168,1044,999,910,820,802,539,386,309,232,175,151,1/16/2023
106,20230117,P,73,68,46,58,110,213,500,712,854,979,1222,1157,1250,1238,1227,1156,955,657,326,158,134,103,54,22,1/17/2023
106,20230117,S,100,99,83,77,137,214,460,999,1085,952,950,818,769,757,771,715,718,492,480,428,332,232,173,127,1/17/2023
106,20230118,P,75,38,30,27,45,65,158,195,256,383,432,446,662,407,495,715,989,867,466,301,221,154,138,80,1/18/2023
106,20230118,S,83,68,43,60,69,118,293,721,579,659,566,431,504,513,559,604,582,527,333,362,331,300,241,201,1/18/2023
106,20230119,P,71,49,41,70,78,135,311,469,639,740,858,850,1057,1302,1544,1723,1523,1161,669,450,319,199,158,123,1/19/2023
106,20230119,S,149,106,84,85,98,113,593,1226,1591,1519,1304,1147,1087,1138,1324,1352,1327,1296,1121,994,882,635,516,302,1/19/2023
106,20230120,P,76,66,60,65,84,148,303,432,602,855,968,1006,1129,1501,1870,1875,1732,1207,778,507,385,269,175,111,1/20/2023
106,20230120,S,226,157,108,101,145,239,700,1746,1908,2024,1613,1396,1439,1648,1909,2138,2278,2167,2156,1959,1276,904,508,284,1/20/2023
106,20230121,P,62,61,43,45,59,109,294,509,681,960,1293,1481,1561,2096,2277,702,1640,1294,706,1252,982,353,196,114,1/21/2023
106,20230121,S,175,151,81,59,103,367,1612,1935,2059,1844,1893,1599,1454,1405,1425,1308,1325,914,681,539,448,296,223,117,1/21/2023
106,20230122,P,76,63,61,76,118,177,400,735,1141,2034,2821,2813,2723,2000,1945,1887,1788,1791,2140,1565,1088,373,162,97,1/22/2023
106,20230122,S,106,54,40,51,51,167,1220,1580,1601,1464,1163,1272,1269,1208,1193,1261,1074,847,661,517,402,303,224,111,1/22/2023
106,20230123,P,66,53,64,52,112,257,649,847,846,1072,1279,1200,1110,1284,1425,1443,1426,1039,673,433,254,197,124,82,1/23/2023
106,20230123,S,92,78,78,70,105,164,447,853,1269,1287,1167,969,867,821,827,842,806,664,505,384,354,276,176,121,1/23/2023
106,20230124,P,53,37,41,49,72,153,354,510,702,764,899,963,1089,1178,1330,1315,1199,857,532,358,251,177,132,107,1/24/2023
106,20230124,S,93,90,79,78,122,220,448,918,1141,1156,972,857,790,781,824,862,759,617,481,430,373,273,214,162,1/24/2023
106,20230125,P,75,56,51,47,71,142,310,503,661,803,987,900,1031,1064,1279,1265,1142,783,557,322,301,212,136,97,1/25/2023
106,20230125,S,112,95,92,92,119,192,436,950,1171,1086,954,904,868,873,1214,1047,983,666,736,575,437,476,313,223,1/25/2023
106,20230126,P,62,51,55,80,62,151,287,440,591,810,976,939,1113,1299,1515,1555,1477,1078,710,481,346,251,166,139,1/26/2023
106,20230126,S,158,113,90,83,119,249,555,1203,1537,1554,1352,1196,1144,1254,1343,1437,1507,1411,1308,1136,1011,575,695,499,1/26/2023
106,20230127,P,84,82,91,94,94,206,295,535,722,838,1088,894,1022,1332,1724,1808,1444,1370,922,611,451,220,9,171,1/27/2023
106,20230127,S,239,208,144,118,170,305,853,1421,1515,1897,2110,2081,1940,1857,1273,1906,1886,1760,1584,1766,1129,1468,469,633,1/27/2023
106,20230128,P,207,200,94,150,91,174,316,553,601,955,1280,598,1571,1950,1903,1465,1498,1480,1526,1354,1046,602,562,179,1/28/2023
106,20230128,S,561,140,118,81,0,684,1574,1494,1326,2011,1555,1587,1956,1981,1607,1310,1206,933,639,531,443,392,252,178,1/28/2023
106,20230129,P,143,102,90,115,132,264,574,911,1492,2125,1961,1983,1838,1742,2122,1691,1737,1653,1437,1781,1210,675,362,191,1/29/2023
106,20230129,S,118,89,73,76,79,250,1209,1647,1614,964,1262,1557,1414,1531,1392,1173,1071,742,546,442,351,286,207,137,1/29/2023
106,20230130,P,100,84,87,80,108,245,588,918,1024,1077,1267,1269,1392,1157,1228,1130,1051,716,522,303,292,197,123,57,1/30/2023
106,20230130,S,109,89,88,80,123,201,409,813,1055,816,927,635,1414,898,779,796,464,18,11,6,516,307,131,89,1/30/2023
106,20230131,P,40,38,80,79,93,177,349,514,632,805,906,1019,1181,1458,1257,1825,1400,1195,698,535,321,234,174,115,1/31/2023
106,20230131,S,93,77,68,63,95,169,485,996,1127,1311,1212,1152,878,834,818,861,821,682,568,448,378,300,195,154,1/31/2023
106,20230201,P,80,50,67,72,115,161,293,527,669,848,946,632,1122,1380,1507,1687,1373,1070,674,454,394,197,179,137,2/1/2023
106,20230201,S,109,103,88,110,141,247,467,1083,1342,1357,1431,1040,1038,966,1166,1096,1130,955,814,660,482,444,313,260,2/1/2023
106,20230202,P,91,61,60,62,113,175,305,503,655,777,929,934,1108,1297,1596,1723,1552,887,940,713,354,262,197,122,2/2/2023
106,20230202,S,196,156,126,104,145,282,562,1266,1845,1711,1421,1197,1123,1168,1424,1372,1499,1377,1208,1094,921,625,523,383,2/2/2023
106,20230203,P,70,73,73,78,110,93,176,506,714,837,1104,1057,1287,1450,1925,2006,2026,1572,1101,663,471,304,211,130,2/3/2023
106,20230203,S,223,205,135,121,128,234,721,1651,1709,1749,1987,2026,1430,1459,1733,2201,2328,2246,2145,1770,1421,893,504,353,2/3/2023
106,20230204,P,66,58,57,69,84,169,377,580,806,1209,1644,1490,1679,1959,2424,2421,2002,1717,1203,981,618,395,241,153,2/4/2023
106,20230204,S,194,142,88,79,101,465,1831,1861,1890,1756,1719,1399,1464,1509,1526,1585,1489,1133,973,719,615,483,339,205,2/4/2023
106,20230205,P,82,87,81,90,131,209,534,826,1285,2169,3123,2468,2531,1947,1785,2037,1559,1808,1982,1986,1085,468,238,131,2/5/2023
106,20230205,S,168,100,64,66,77,200,1381,1722,1628,1509,1269,1368,1414,1423,1526,1494,1271,1083,789,577,406,320,219,139,2/5/2023
106,20230206,P,56,41,45,61,120,168,470,847,905,1013,1337,1277,1353,463,2288,1708,1440,1141,668,438,295,180,156,112,2/6/2023
106,20230206,S,112,97,88,72,130,220,513,1069,1334,1248,1124,991,850,824,926,840,750,626,469,386,294,248,158,144,2/6/2023
106,20230207,P,43,53,46,52,87,145,339,491,671,859,897,914,977,1256,1464,1477,1452,1093,650,435,338,224,154,121,2/7/2023
106,20230207,S,109,93,79,79,96,214,459,1027,1340,1448,1082,957,832,795,831,890,778,696,530,450,311,295,241,155,2/7/2023
106,20230208,P,100,65,61,83,115,167,379,507,767,906,1023,1012,1017,1211,1354,1407,1385,1015,539,299,292,232,188,122,2/8/2023
106,20230208,S,126,97,78,77,101,239,498,1065,1427,1316,1067,975,931,1005,1156,1123,1021,912,707,563,428,532,318,237,2/8/2023
106,20230209,P,72,81,54,51,79,135,254,464,580,648,994,997,1030,1092,1345,1448,1378,1095,693,481,434,281,190,145,2/9/2023
106,20230209,S,87,148,104,97,121,192,444,928,1182,1579,1122,1047,1139,1193,1335,1228,1656,1344,1232,1056,845,659,465,253,2/9/2023
106,20230210,P,73,72,73,78,91,173,333,580,767,980,1306,1192,1312,1655,1872,2105,2010,1748,1124,716,498,347,229,141,2/10/2023
106,20230210,S,202,182,128,90,146,243,755,1765,1843,2027,1910,1968,1533,1599,1806,2055,2380,2182,2182,1548,1205,803,502,272,2/10/2023
106,20230211,P,102,67,76,68,114,205,471,716,1073,1245,1745,1659,1718,2016,2530,2322,2267,1839,1295,1014,705,350,223,138,2/11/2023
106,20230211,S,232,153,97,78,108,457,1637,1998,1864,1643,1944,1542,1423,1528,1519,1528,1439,1139,824,680,603,396,260,142,2/11/2023
106,20230212,P,109,66,68,90,122,227,526,889,1404,2357,2941,2860,2482,2096,2064,2026,1792,1549,1013,1001,858,722,237,122,2/12/2023
106,20230212,S,127,88,62,55,74,181,1270,1736,1415,1082,1267,1394,1314,1367,1440,1250,1018,694,537,444,365,381,249,135,2/12/2023
106,20230213,P,68,58,61,90,127,299,832,1097,1186,1386,1667,1465,1446,1566,1540,1998,1594,1045,613,422,330,210,162,96,2/13/2023
106,20230213,S,89,77,64,70,126,233,551,1038,1305,1542,1310,1148,1011,942,1028,986,856,709,585,422,332,187,0,242,2/13/2023
106,20230214,P,76,50,35,52,64,119,341,515,679,763,931,942,960,773,1589,1177,1059,745,488,382,228,162,102,71,2/14/2023
106,20230214,S,101,96,69,57,121,205,410,780,951,978,866,687,873,716,788,773,699,518,562,414,267,284,178,168,2/14/2023
106,20230215,P,60,54,51,62,74,112,226,360,512,645,758,773,782,880,922,989,906,615,328,264,142,103,81,58,2/15/2023
106,20230215,S,109,96,76,69,92,118,245,560,753,681,709,776,706,817,851,959,908,760,613,451,359,311,268,280,2/15/2023
106,20230216,P,69,167,118,108,94,187,348,535,748,985,1093,956,1039,1197,1450,1559,1458,1096,743,902,529,321,208,136,2/16/2023
106,20230216,S,182,194,136,82,111,216,456,875,1289,1841,1593,1286,1250,1331,1665,1603,1749,1644,1419,1309,1071,768,644,367,2/16/2023
106,20230217,P,83,95,71,71,95,176,290,583,853,1069,1277,1259,1441,1684,2175,2337,2217,1924,1463,943,643,347,253,161,2/17/2023
106,20230217,S,310,232,170,105,176,330,946,1957,1696,1770,1976,1792,2074,2193,2256,2312,2489,2013,1633,1448,1180,916,645,350,2/17/2023
106,20230218,P,89,82,70,74,104,202,398,676,1000,1278,1780,1592,1517,1779,1989,1922,1822,1662,1062,825,598,382,251,133,2/18/2023
106,20230218,S,304,169,129,100,154,470,1694,1782,1736,1186,1373,1678,1771,1697,1724,1666,1561,1198,948,763,676,526,379,269,2/18/2023
106,20230219,P,91,72,70,78,86,160,371,636,1100,1658,2390,2146,1794,1763,2164,2205,1855,1620,1202,1052,807,397,272,171,2/19/2023
106,20230219,S,142,99,85,65,81,195,1254,1606,1146,1147,1299,1417,1489,1553,1707,1511,1351,1246,907,668,491,409,272,152,2/19/2023
106,20230220,P,117,68,96,122,183,312,795,1098,1613,2220,2480,2344,2402,2303,2108,1854,2058,1481,1126,1053,723,408,235,167,2/20/2023
106,20230220,S,130,118,103,100,166,318,950,1657,1739,1458,1547,1450,1429,1483,1377,1446,1170,850,740,489,419,377,265,171,2/20/2023
106,20230221,P,111,108,87,138,160,262,632,739,981,1258,1345,1330,1420,1514,1849,1788,1738,1434,909,720,508,361,216,138,2/21/2023
106,20230221,S,144,142,123,104,157,269,565,1226,1404,1483,1150,1416,1165,1034,1090,1401,1051,910,813,662,531,481,321,206,2/21/2023
106,20230222,P,124,83,71,85,115,150,343,421,600,725,750,733,755,537,821,694,652,838,334,238,221,96,140,134,2/22/2023
106,20230222,S,154,129,95,77,108,161,305,567,701,619,594,711,517,499,613,448,266,544,397,346,469,401,528,632,2/22/2023
106,20230223,P,113,98,94,84,100,154,306,472,614,721,1164,1219,1203,1422,1455,1400,1492,1902,976,620,539,337,283,193,2/23/2023
106,20230223,S,522,161,160,107,118,228,534,931,1138,1471,1463,1503,1500,1340,1474,1630,1416,1719,1402,1100,934,692,614,418,2/23/2023
106,20230224,P,117,119,110,92,117,185,362,602,730,831,1066,887,850,1278,1979,1870,1996,2129,1783,880,687,420,302,203,2/24/2023
106,20230224,S,240,220,225,150,166,297,801,1722,1853,1472,1427,1702,1789,1894,1750,2057,2360,2239,2001,1749,1097,1208,540,393,2/24/2023
106,20230225,P,143,116,139,120,172,278,652,901,1084,1460,1908,1806,2005,2129,2140,2206,1911,1663,1644,1707,943,554,316,194,2/25/2023
106,20230225,S,239,180,134,134,151,553,2085,1994,1844,1480,1736,1792,1918,1879,1918,1680,1615,1276,944,807,663,468,353,229,2/25/2023
106,20230226,P,121,91,98,119,174,272,694,1088,1574,2514,2797,2478,2057,1920,1354,2114,1788,1841,1668,1447,988,445,243,164,2/26/2023
106,20230226,S,173,111,57,78,91,234,1238,1636,1636,1425,1277,1478,1260,1512,1547,1526,1276,849,637,577,443,321,228,170,2/26/2023
106,20230227,P,80,75,61,92,120,257,679,911,1017,1285,1532,1469,1456,1678,1758,1783,1821,1422,900,618,441,284,234,141,2/27/2023
106,20230227,S,114,89,89,89,150,258,559,1249,1487,1465,1372,1146,1083,1047,1025,1019,993,741,700,530,454,325,262,190,2/27/2023
106,20230228,P,87,78,63,55,75,145,313,512,507,629,863,1038,911,1110,822,1003,1278,1146,644,517,348,415,208,204,2/28/2023
106,20230228,S,107,115,104,82,118,216,404,700,875,787,878,1084,720,805,818,854,775,672,557,518,448,322,272,198,2/28/2023
106,20230301,P,152,102,104,100,138,198,478,639,808,902,903,1142,1320,1248,1361,803,794,1090,806,389,293,234,108,88,3/1/2023
106,20230301,S,136,94,127,84,128,201,546,1050,1314,1231,1010,941,896,1103,1091,996,895,774,876,607,407,443,414,349,3/1/2023
106,20230303,P,113,86,91,118,127,202,408,671,852,1101,1275,1358,1509,1790,1930,1938,1788,1370,815,569,438,324,212,164,3/3/2023
106,20230303,S,331,210,158,131,132,269,815,1636,1898,1891,2009,1978,1540,1589,1796,2020,1913,2102,1717,1812,1263,837,473,375,3/3/2023
106,20230304,P,65,47,129,171,153,203,477,698,991,1362,1722,1740,1751,2103,2437,2123,268,641,481,425,480,542,499,581,3/4/2023
106,20230304,S,235,158,138,111,120,455,1872,2008,1871,1753,1897,1747,1522,1680,1581,1596,1415,1240,973,802,645,457,352,241,3/4/2023
106,20230305,P,479,158,116,69,194,243,630,994,1595,2463,2799,2622,2557,2179,1934,2062,2157,1706,1497,1299,834,376,245,137,3/5/2023
106,20230305,S,174,116,93,76,80,191,1194,1651,1155,1123,1272,1363,1461,1360,1386,1498,1325,961,799,653,493,341,290,194,3/5/2023
106,20230306,P,79,50,72,67,116,257,696,837,1067,1209,1382,1413,1464,715,1605,1959,1594,1350,869,594,331,206,177,124,3/6/2023
106,20230306,S,94,89,66,101,126,255,605,1189,1483,1448,1296,1083,1005,782,1198,948,924,813,576,477,425,310,250,156,3/6/2023
106,20230307,P,71,52,50,56,85,152,430,558,760,850,1013,1068,1038,755,1082,1321,1264,1087,634,453,347,231,167,116,3/7/2023
106,20230307,S,107,88,84,70,109,193,476,1006,1197,1290,784,811,784,850,817,920,815,685,551,440,390,297,295,175,3/7/2023
106,20230308,P,82,59,60,64,107,190,379,598,783,861,1073,1003,392,1175,1409,1479,1282,1001,703,461,328,231,159,119,3/8/2023
106,20230308,S,129,94,80,83,122,238,524,990,1292,1252,948,1157,936,1012,1061,1096,1129,923,729,609,511,378,386,259,3/8/2023
106,20230309,P,78,72,32,68,92,173,336,541,761,908,982,1003,1192,1278,1526,1589,1678,1298,847,614,367,228,139,4,3/9/2023
106,20230309,S,176,144,95,98,137,219,559,1203,1464,1685,1320,1133,970,1275,1339,1337,1438,1370,1142,1082,879,678,458,332,3/9/2023
106,20230310,P,4,16,2,22,124,185,421,600,963,1305,1610,1032,859,857,837,892,850,849,853,453,730,1255,418,161,3/10/2023
106,20230310,S,219,186,117,109,170,277,754,1606,1867,1838,1618,1561,1530,1645,1834,1940,2247,2145,1753,1526,1175,732,492,327,3/10/2023
106,20230311,P,96,112,118,57,65,185,265,512,486,1379,1435,1399,1787,1821,1528,1846,1998,735,1663,910,640,462,294,180,3/11/2023
106,20230311,S,274,182,145,107,100,102,1082,1591,1280,1382,1486,1471,1585,1754,1818,2044,2066,2055,1477,906,723,546,389,287,3/11/2023
106,20230313,P,146,91,92,59,113,240,575,814,940,1119,1378,1267,1425,1405,1618,1787,1851,1621,1022,497,569,319,193,117,3/13/2023
106,20230313,S,146,124,86,87,123,197,627,1239,1193,1555,1800,1804,1288,1199,1426,1300,1190,892,669,528,469,335,23,324,3/13/2023
106,20230314,P,79,40,73,59,88,192,340,573,800,1027,1229,1095,1168,1383,1606,1697,1661,1491,1055,671,507,374,207,144,3/14/2023
106,20230314,S,130,104,87,81,127,225,526,1226,1406,1640,1379,1060,1130,994,1048,1067,1106,910,692,562,467,365,249,201,3/14/2023
106,20230315,P,109,74,68,90,119,158,428,601,766,1010,1118,801,1981,1496,1629,1490,1643,1318,875,603,409,308,193,115,3/15/2023
106,20230315,S,140,115,90,95,130,275,492,1065,1342,1433,1311,1147,1025,1234,1186,1247,1267,982,821,696,516,398,270,211,3/15/2023
106,20230316,P,88,40,53,52,94,170,338,531,772,1031,1296,1253,1227,1273,1540,1681,1740,1521,984,684,453,317,201,147,3/16/2023
106,20230316,S,140,105,101,75,81,166,430,995,1467,1539,1438,1068,1062,1136,1276,1238,1360,1262,1017,823,618,574,320,330,3/16/2023
106,20230317,P,107,82,68,82,161,263,497,804,1148,1598,1983,1771,1722,1966,2222,2253,2120,1684,1265,900,598,458,263,182,3/17/2023
106,20230317,S,165,158,90,94,131,261,759,1737,1118,1601,1775,2094,1911,1627,1638,1878,2028,1943,1598,1153,995,616,450,264,3/17/2023
106,20230318,P,112,93,95,76,146,288,574,915,1320,1729,2359,2109,2063,2125,2267,2112,1988,1575,1137,894,700,472,300,211,3/18/2023
106,20230318,S,184,160,112,86,138,445,1710,1772,1408,1231,1596,1840,1642,1698,1724,1594,1554,1163,915,750,578,427,266,264,3/18/2023
106,20230319,P,158,96,89,104,115,211,406,718,1202,1929,2815,2754,2646,2206,2554,2086,1604,1895,1497,1192,879,494,252,133,3/19/2023
106,20230319,S,142,98,77,61,87,183,1014,1635,1150,1257,1515,1638,1610,1485,1724,1579,1332,1052,920,668,502,381,266,216,3/19/2023
106,20230320,P,78,69,74,76,110,229,494,717,936,1133,1401,1458,1358,1390,1473,1457,1450,1096,744,478,319,238,140,112,3/20/2023
106,20230320,S,137,87,82,91,142,273,514,892,1361,1464,1269,1252,1063,1046,1053,1076,946,737,578,467,387,299,235,181,3/20/2023
106,20230321,P,50,21,45,61,63,134,230,457,638,799,1031,1061,1120,1348,1522,1444,1300,1084,729,502,363,224,160,109,3/21/2023
106,20230321,S,125,92,57,34,124,192,380,932,1223,1226,1097,1018,927,932,895,961,856,721,629,504,429,298,218,145,3/21/2023
106,20230322,P,81,55,44,75,72,73,263,388,496,661,835,788,1023,1529,1309,1388,1317,937,652,362,243,208,151,122,3/22/2023
106,20230322,S,116,85,96,67,106,174,386,912,895,1430,1092,881,849,888,600,1297,909,769,572,506,448,376,322,202,3/22/2023
106,20230323,P,113,59,67,79,114,151,133,479,698,981,1167,1157,1351,1614,2014,2091,1907,1499,1017,570,361,373,171,129,3/23/2023
106,20230323,S,178,118,120,141,133,305,619,1531,1828,1777,1813,1359,1212,1213,1249,1329,1387,1325,1052,943,713,548,352,245,3/23/2023
106,20230324,P,112,83,100,67,83,200,336,574,757,1063,1548,1502,1492,1627,1913,2012,1832,1442,1032,701,440,228,266,172,3/24/2023
106,20230324,S,202,152,129,103,153,254,641,766,1767,1440,2008,1636,1468,1430,1664,1801,2112,2008,1597,1254,990,624,416,287,3/24/2023
106,20230325,P,110,79,76,53,86,153,372,573,862,1132,1684,2155,1970,2068,2166,1982,1989,1456,1091,816,577,445,284,207,3/25/2023
106,20230325,S,205,157,108,76,21,261,986,1714,1596,1158,1477,1739,1647,1744,1651,1652,1596,1292,965,794,645,378,330,205,3/25/2023
106,20230326,P,126,96,77,87,105,173,358,583,1051,1729,2621,2695,2654,2202,2428,1961,2231,1622,1344,1010,686,396,223,132,3/26/2023
106,20230326,S,150,86,102,62,78,159,861,1543,1249,1261,1493,1652,1667,1654,1700,1838,1529,1239,881,744,497,368,244,150,3/26/2023
106,20230327,P,74,53,49,60,105,145,355,359,410,786,1144,1306,1458,1400,1371,1366,1279,1070,745,441,336,268,192,116,3/27/2023
106,20230327,S,73,66,75,77,116,125,326,729,988,1208,1151,1147,1085,1010,1023,1110,905,766,563,471,373,292,178,166,3/27/2023
106,20230328,P,87,57,58,66,76,145,275,459,762,853,1065,1068,1152,1223,1494,1597,1601,1315,897,620,401,289,186,133,3/28/2023
106,20230328,S,119,94,69,80,127,213,465,1099,1312,1499,1397,1132,1011,957,953,1022,1010,841,628,487,408,332,226,170,3/28/2023
106,20230329,P,84,59,71,68,92,171,280,536,704,987,1188,996,1308,1526,1633,1800,1687,1223,913,633,419,294,214,146,3/29/2023
106,20230329,S,127,103,92,78,123,216,452,1109,1367,1442,1433,1171,1043,968,1080,1095,1069,939,772,594,516,395,280,239,3/29/2023
106,20230330,P,83,69,67,67,102,157,340,510,764,928,1209,1254,1361,1458,1618,1496,1608,1377,848,459,336,239,208,122,3/30/2023
106,20230330,S,180,129,85,93,128,197,578,998,1377,1552,1266,1015,1010,1449,1243,1311,1275,1212,1137,888,719,485,318,299,3/30/2023
106,20230331,P,92,71,43,64,81,131,257,503,553,1014,1179,1403,1471,1791,1578,1070,866,749,850,659,574,1340,517,135,3/31/2023
106,20230331,S,200,118,97,100,134,192,602,1133,1728,1787,1417,1363,1282,1153,1234,440,792,997,885,1047,1144,1209,835,246,3/31/2023
106,20230401,P,126,54,127,210,197,226,492,826,1178,1581,1686,2214,2277,2299,2356,2045,1957,1939,1656,999,640,496,296,211,4/1/2023
106,20230401,S,61,257,122,93,121,458,1700,1815,1996,1905,1829,1941,1422,1408,1461,1401,1353,1068,1032,756,635,418,344,263,4/1/2023
106,20230402,P,123,106,90,76,163,165,342,669,1130,1853,1949,2485,2384,2358,2273,2309,2116,1714,1476,1145,738,482,265,155,4/2/2023
106,20230402,S,145,155,105,82,81,176,725,1325,1257,1240,1266,1265,1412,1369,1384,1388,1249,1032,842,695,541,334,361,190,4/2/2023
106,20230403,P,98,62,74,65,105,228,420,676,772,1009,1337,858,1688,1322,1496,1555,1350,1166,812,562,366,265,169,125,4/3/2023
106,20230403,S,180,112,87,104,159,274,523,885,1116,1252,1319,1106,969,979,982,995,951,837,684,524,417,361,266,202,4/3/2023
106,20230405,P,155,79,54,61,79,138,313,569,736,928,1152,1097,1125,1129,1278,1297,1204,1130,853,658,451,323,248,141,4/5/2023
106,20230405,S,155,118,106,113,109,201,409,826,1055,1273,1248,1153,1018,1048,1091,1076,990,837,680,617,461,405,313,228,4/5/2023
106,20230406,P,108,80,68,80,103,185,305,343,1072,1001,1128,1037,1100,1246,1419,1532,1563,1416,922,629,414,299,216,155,4/6/2023
106,20230406,S,163,166,115,91,107,258,530,1067,1245,1450,1332,1129,1086,1132,1167,1198,1281,1323,1153,1033,792,580,435,300,4/6/2023
106,20230407,P,97,74,80,82,117,174,309,399,947,1046,1419,1318,1459,1706,1998,1983,1854,1595,1321,738,526,310,277,161,4/7/2023
106,20230407,S,229,170,133,103,170,250,583,1431,1785,1813,1778,1499,1524,1409,1530,1727,1865,1774,1549,1124,867,595,325,246,4/7/2023
106,20230408,P,80,63,84,62,109,182,341,732,1020,1406,1643,1716,1779,1969,1964,1883,1705,1417,894,704,462,335,209,125,4/8/2023
106,20230408,S,237,148,90,67,92,235,1061,1439,1334,1349,1424,1288,1322,1157,1222,1150,1114,975,834,622,490,306,336,190,4/8/2023
106,20230409,P,110,55,75,78,78,140,287,544,916,1515,2105,1986,2064,1987,2070,1947,1844,1607,1339,1044,700,394,218,119,4/9/2023
106,20230409,S,122,106,81,53,55,107,410,938,1135,1102,1143,1040,1045,1034,1008,1071,1093,1093,972,800,623,412,272,168,4/9/2023
106,20230410,P,87,52,59,77,112,251,475,684,893,1007,1236,1224,1327,1353,1434,1360,1162,1009,793,538,405,280,162,110,4/10/2023
106,20230410,S,110,75,68,79,141,255,525,919,1115,1218,1211,1079,949,895,763,995,766,654,579,471,374,276,238,141,4/10/2023
106,20230411,P,73,51,60,52,96,135,312,499,697,847,872,938,1011,984,1077,1139,1185,1037,708,490,343,224,174,141,4/11/2023
106,20230411,S,117,73,62,77,113,217,458,762,943,1087,1050,928,756,712,719,708,697,591,505,472,408,325,220,246,4/11/2023
106,20230412,P,82,54,68,66,82,144,325,482,528,917,1000,931,1061,1178,1373,1372,1225,1093,830,487,387,256,200,133,4/12/2023
106,20230412,S,137,87,72,70,105,257,437,518,1172,1082,1161,1039,926,835,891,858,873,781,645,547,441,341,246,170,4/12/2023
106,20230413,P,72,63,62,76,82,170,347,501,489,572,1041,1212,1129,1143,1372,1323,1251,1081,780,593,425,288,187,148,4/13/2023
106,20230413,S,139,93,64,78,140,269,564,784,929,1195,1075,996,905,907,894,947,1075,978,916,797,646,486,336,256,4/13/2023
106,20230414,P,75,62,71,60,94,161,279,396,666,821,1024,1127,1257,1314,1449,1508,1197,995,888,595,291,248,165,125,4/14/2023
106,20230414,S,207,142,90,87,138,182,483,840,1142,1114,1231,1031,1368,1153,1467,1421,1414,1638,1332,1026,704,425,331,230,4/14/2023
106,20230415,P,61,53,63,63,65,127,297,583,717,1036,1360,1504,1606,1684,1716,1707,1528,1216,825,602,428,324,202,115,4/15/2023
106,20230415,S,129,65,58,61,63,172,766,1097,1856,1282,1493,1373,1203,882,1090,1046,1030,863,746,578,499,351,267,163,4/15/2023
106,20230416,P,85,76,75,79,79,135,298,561,785,1235,1860,1864,2091,2152,2414,2133,1967,2032,1445,1070,730,430,266,153,4/16/2023
106,20230416,S,130,94,53,65,77,159,409,1082,1238,1469,1228,1241,1081,1070,1056,1080,1096,903,877,643,488,320,258,155,4/16/2023
106,20230417,P,92,71,53,41,103,182,416,575,702,880,1070,1072,1131,1206,1225,1170,996,958,785,517,363,269,156,140,4/17/2023
106,20230417,S,144,84,59,84,121,308,579,776,927,1054,1031,969,876,745,695,691,690,650,543,432,354,288,192,148,4/17/2023
106,20230418,P,78,60,52,43,82,148,278,417,579,773,852,851,967,1016,1160,1045,1062,868,785,465,327,249,138,173,4/18/2023
106,20230418,S,112,76,59,72,127,228,436,642,768,923,865,796,695,668,650,691,634,603,574,453,348,281,220,184,4/18/2023
106,20230419,P,87,40,78,67,76,77,155,294,767,808,844,910,937,1010,1067,859,833,735,601,417,265,175,149,122,4/19/2023
106,20230419,S,190,101,81,89,133,211,442,618,767,922,806,729,678,685,675,646,619,555,506,424,363,264,229,211,4/19/2023
106,20230420,P,109,55,60,74,93,125,271,445,555,684,834,923,1077,1085,1145,1109,1002,917,316,712,309,249,167,132,4/20/2023
106,20230420,S,169,103,64,108,140,251,478,695,832,1012,919,936,787,876,1033,876,925,854,736,739,476,410,259,230,4/20/2023
106,20230421,P,98,79,63,66,57,146,258,388,635,795,1023,1082,1227,1370,1298,1322,826,900,155,553,524,163,234,58,4/21/2023
106,20230421,S,229,143,101,80,173,245,428,853,1137,1185,1292,1338,1218,1312,1304,1381,1442,978,1527,887,616,463,242,206,4/21/2023
106,20230422,P,3,148,76,52,76,110,240,486,656,897,1101,1097,1165,1334,1435,1409,1436,1199,749,548,327,219,171,114,4/22/2023
106,20230422,S,114,82,51,64,61,86,340,884,1441,1349,1670,1277,1204,1020,1078,960,945,929,689,487,457,392,284,174,4/22/2023
106,20230423,P,83,50,65,45,63,85,224,368,700,1135,1649,1718,1887,1542,1609,1513,1626,1439,1371,1403,694,409,209,125,4/23/2023
106,20230423,S,141,69,84,66,62,117,353,988,1260,1499,1392,1350,1204,1184,1055,1021,1064,904,767,641,487,359,218,183,4/23/2023
106,20230424,P,97,73,70,70,96,201,393,529,672,829,1015,1076,1115,1236,1057,1449,1072,986,724,519,321,171,191,45,4/24/2023
106,20230424,S,142,96,65,70,138,270,542,747,950,996,1032,982,793,827,823,843,757,658,587,444,370,283,181,117,4/24/2023
106,20230425,P,108,73,73,58,85,127,279,386,524,601,729,762,886,916,868,833,723,582,401,293,209,166,135,79,4/25/2023
106,20230425,S,126,109,72,61,97,178,396,542,673,773,728,713,664,679,581,605,459,464,356,308,184,170,145,139,4/25/2023
106,20230426,P,75,64,70,66,51,116,183,329,410,522,631,669,755,934,1005,884,847,734,601,385,325,197,152,113,4/26/2023
106,20230426,S,118,83,75,57,99,137,396,631,872,927,932,847,745,711,759,724,754,572,515,425,364,298,193,231,4/26/2023
106,20230427,P,76,49,66,79,92,139,257,431,605,697,812,902,1015,1166,1264,1189,1101,916,680,505,339,237,217,108,4/27/2023
106,20230427,S,138,119,81,99,136,253,515,713,989,1063,1167,940,950,928,929,972,910,894,805,619,434,156,324,194,4/27/2023
106,20230428,P,80,49,37,42,89,121,242,363,591,743,991,1110,1192,1390,1576,1482,1451,1177,890,713,439,298,198,153,4/28/2023
106,20230428,S,132,97,59,53,112,130,119,563,1107,1527,1218,1180,1213,1181,1245,1182,1333,1327,1089,886,646,451,323,201,4/28/2023
106,20230429,P,77,69,64,65,63,108,275,489,810,1089,1222,1211,1336,1493,1241,1709,1500,1181,799,679,435,331,195,150,4/29/2023
106,20230429,S,149,114,74,65,104,204,499,949,1277,1455,1548,1321,1148,1050,1020,983,1084,818,847,667,535,417,350,231,4/29/2023
106,20230430,P,81,53,58,58,53,111,205,393,695,1044,1503,1781,1783,1926,1909,1895,1724,1469,1137,829,565,345,260,145,4/30/2023
106,20230430,S,146,128,83,64,81,121,240,548,944,1120,1230,1218,1244,1120,1041,1070,1154,1148,845,747,528,357,269,265,4/30/2023
106,20230501,P,105,81,69,72,81,160,308,459,640,740,850,969,1087,1079,1095,1137,975,913,654,500,360,272,179,116,5/1/2023
106,20230501,S,138,83,76,83,148,355,575,830,912,1073,1145,959,798,922,867,796,646,632,552,419,337,232,203,155,5/1/2023
106,20230502,P,83,60,49,57,62,133,287,403,549,653,758,870,938,941,862,967,889,784,565,446,337,236,167,113,5/2/2023
106,20230502,S,120,93,77,71,115,236,471,697,782,909,844,749,707,719,669,663,616,569,448,430,320,272,182,169,5/2/2023
106,20230503,P,84,59,66,52,88,138,284,381,599,656,758,809,978,1058,1101,1084,1059,893,655,479,388,264,178,123,5/3/2023
106,20230503,S,116,100,64,79,125,260,500,691,818,967,942,840,808,742,728,713,626,600,542,500,381,268,229,157,5/3/2023
106,20230504,P,86,80,65,56,86,141,274,414,575,687,763,921,911,1110,1067,1044,996,982,704,633,395,328,185,144,5/4/2023
106,20230504,S,121,81,64,79,130,285,477,705,771,890,934,907,837,862,841,872,806,839,748,599,434,324,258,234,5/4/2023
106,20230505,P,103,76,60,67,101,158,287,439,655,778,991,1108,1231,1392,1521,1480,1307,1145,885,690,492,326,234,136,5/5/2023
106,20230505,S,135,94,94,94,137,238,511,740,928,1145,1155,1278,1147,1173,1318,1356,1231,1140,938,757,571,374,295,222,5/5/2023
106,20230506,P,88,62,62,53,60,102,196,431,402,585,1526,1425,1175,1205,1229,1278,1157,959,706,561,449,323,200,118,5/6/2023
106,20230506,S,139,96,77,98,108,184,343,570,905,1047,1036,1031,994,1061,1012,995,852,832,722,578,462,359,276,315,5/6/2023
106,20230507,P,80,58,61,53,55,114,186,358,626,967,1475,1522,1746,1811,1824,1650,1634,1317,963,716,507,382,238,142,5/7/2023
106,20230507,S,141,85,68,49,56,130,230,496,908,1095,1109,1271,1246,1197,1167,1242,1058,1013,812,701,487,350,215,153,5/7/2023
106,20230508,P,68,58,63,59,88,150,327,448,570,695,845,919,901,996,965,1002,970,834,534,617,329,267,157,142,5/8/2023
106,20230508,S,132,77,79,84,137,334,624,756,828,986,1017,928,879,782,850,750,627,613,560,395,305,285,186,148,5/8/2023
106,20230509,P,69,64,59,50,82,130,253,353,586,689,727,775,923,991,930,984,939,895,721,502,343,270,190,124,5/9/2023
106,20230509,S,127,103,84,72,114,262,491,661,694,866,865,820,768,733,765,727,678,598,531,430,355,276,240,220,5/9/2023
106,20230510,P,96,66,69,64,102,160,301,447,565,717,858,834,928,1164,1088,1101,977,943,591,287,418,405,212,113,5/10/2023
106,20230510,S,181,118,86,97,120,228,486,719,768,857,917,879,822,873,800,782,768,602,563,393,322,280,186,178,5/10/2023
106,20230511,P,88,60,80,74,88,160,298,421,514,630,936,1086,982,1109,1017,1132,966,861,506,656,349,260,110,184,5/11/2023
106,20230511,S,127,112,81,81,150,266,477,594,710,825,882,946,938,821,825,867,778,796,652,577,386,291,12,380,5/11/2023
106,20230512,P,88,74,61,73,78,136,234,484,589,738,1032,1139,1270,1411,1416,1340,1162,1236,900,647,462,318,224,135,5/12/2023
106,20230512,S,159,118,91,64,140,231,471,617,872,908,1107,1181,1261,1198,1268,1300,1258,1293,1141,977,565,420,279,205,5/12/2023
106,20230513,P,70,60,55,79,69,120,216,432,677,892,1186,1162,1222,1241,1302,1146,1116,890,664,552,435,313,224,137,5/13/2023
106,20230513,S,155,108,76,67,97,176,358,582,906,1104,1257,1317,1230,1231,1082,1085,970,864,706,558,505,334,258,223,5/13/2023
106,20230514,P,85,72,60,60,49,91,163,320,488,944,1315,1338,1503,1531,1489,1488,1360,1248,1043,867,560,380,229,128,5/14/2023
106,20230514,S,160,98,57,55,67,104,187,348,525,868,1065,1124,1299,1169,1255,1233,1156,1249,964,814,555,385,260,189,5/14/2023
106,20230515,P,84,67,60,67,92,164,325,427,569,673,860,895,980,993,1149,1044,1069,933,651,510,330,285,204,139,5/15/2023
106,20230515,S,140,85,82,97,156,353,623,861,946,1074,1216,1170,1110,947,919,853,746,719,574,472,419,325,251,179,5/15/2023
106,20230516,P,100,62,67,56,81,138,300,364,608,693,773,807,930,818,739,869,833,761,1106,487,407,315,202,139,5/16/2023
106,20230516,S,155,108,85,71,130,272,586,687,760,832,1081,1000,904,873,836,857,697,671,547,498,393,303,288,204,5/16/2023
106,20230517,P,87,80,63,74,100,164,330,501,611,707,866,919,993,1053,1154,1063,1041,959,785,492,524,319,166,198,5/17/2023
106,20230517,S,150,103,79,80,166,300,590,725,863,1066,1062,1037,951,892,883,825,854,756,631,502,517,335,233,202,5/17/2023
106,20230518,P,109,64,82,69,87,159,336,464,594,748,866,1020,1179,1371,1251,1246,1242,840,523,977,482,319,231,130,5/18/2023
106,20230518,S,158,139,104,99,199,353,625,794,840,1004,1238,1039,1042,1043,1021,1012,938,828,732,635,449,379,333,235,5/18/2023
106,20230519,P,94,73,69,74,90,151,300,453,629,798,1018,1143,1270,1490,1524,1360,1342,1183,983,722,497,356,218,157,5/19/2023
106,20230519,S,154,125,87,86,145,259,531,734,863,1094,1320,1439,1376,1397,1493,1566,1497,1438,1117,833,608,365,302,180,5/19/2023
106,20230520,P,88,90,70,69,100,110,268,471,728,1002,1253,1233,1260,1266,1311,1386,1345,1090,870,715,498,363,247,159,5/20/2023
106,20230520,S,134,133,75,75,143,213,405,710,909,1155,1276,1417,1353,1215,1214,1129,1061,916,762,631,529,424,299,201,5/20/2023
106,20230521,P,93,76,63,64,60,110,182,360,660,1037,1618,1759,1828,1962,1981,1846,1710,1423,1195,925,604,388,259,155,5/21/2023
106,20230521,S,170,107,77,68,76,146,241,441,683,912,1180,1335,1285,1339,1281,1230,1266,1109,951,739,631,382,308,204,5/21/2023
106,20230522,P,117,59,58,75,72,172,341,469,593,756,924,931,1141,1125,1136,1128,1008,959,689,515,413,303,228,139,5/22/2023
106,20230522,S,168,115,82,101,188,340,679,814,896,1091,1141,1221,999,932,927,898,843,681,608,498,370,274,233,159,5/22/2023
106,20230523,P,117,105,76,68,79,149,269,425,580,709,834,896,935,962,1163,1030,1049,905,764,614,465,287,235,164,5/23/2023
106,20230523,S,160,113,89,77,162,305,555,676,790,875,935,961,849,890,859,833,775,677,534,491,383,321,194,161,5/23/2023
106,20230524,P,123,87,105,74,93,158,342,231,839,811,883,961,1119,1128,1104,1114,1065,968,780,514,493,327,233,164,5/24/2023
106,20230524,S,152,114,79,105,152,283,562,371,1066,898,1084,945,940,847,926,876,840,740,587,511,453,326,289,209,5/24/2023
106,20230525,P,115,73,71,76,118,158,331,488,650,821,979,1012,885,1249,1185,1121,1150,1086,833,594,490,298,222,147,5/25/2023
106,20230525,S,163,129,110,97,199,343,640,765,844,1105,1193,1278,1235,1194,1335,1191,1233,1083,1241,918,700,443,329,225,5/25/2023
106,20230526,P,88,52,69,97,105,160,272,457,636,822,999,1188,1264,1374,1414,1392,1274,1124,914,734,539,400,280,160,5/26/2023
106,20230526,S,216,138,116,104,187,339,702,988,1163,1439,1614,1774,1638,2306,2041,2121,2259,1397,2032,1778,905,635,430,294,5/26/2023
106,20230527,P,101,81,81,63,70,151,254,455,504,724,995,1089,1227,891,1365,1400,1382,1123,862,681,573,427,287,192,5/27/2023
106,20230527,S,202,134,99,102,168,319,645,1001,1369,1494,1931,2016,1874,1988,1621,1413,1259,994,780,640,524,393,302,226,5/27/2023
106,20230528,P,117,69,80,71,62,117,224,381,688,1126,1685,1823,1754,1518,1548,1665,1776,1866,1326,1094,816,540,367,227,5/28/2023
106,20230528,S,156,111,87,82,92,165,309,537,802,1130,1343,1546,1395,1394,1335,1149,1085,982,803,684,483,383,260,184,5/28/2023
106,20230529,P,142,97,74,63,82,136,292,530,978,1703,2393,2438,2398,2481,2399,2086,1990,1733,1451,1078,906,552,311,210,5/29/2023
106,20230529,S,147,85,59,60,88,190,333,495,690,901,1177,1303,1288,1221,1188,1100,902,751,695,544,428,352,232,191,5/29/2023
106,20230530,P,120,79,67,72,84,233,500,642,797,986,1173,1149,1285,1435,1339,1203,1165,991,840,622,439,326,208,150,5/30/2023
106,20230530,S,164,87,67,87,160,398,681,797,933,1076,1108,1168,1125,1045,963,916,853,643,628,505,367,324,206,168,5/30/2023
106,20230531,P,78,73,64,62,96,158,322,470,634,710,1096,1016,1153,1182,1254,1146,1145,1030,805,635,444,323,232,148,5/31/2023
106,20230531,S,153,120,87,89,151,294,618,742,820,935,1005,1072,983,1329,958,891,880,767,601,542,370,335,259,192,5/31/2023
106,20230601,P,103,69,68,65,119,146,322,502,638,856,910,1157,1237,1363,1331,1272,1131,1080,852,665,466,367,235,165,6/1/2023
106,20230601,S,159,119,63,74,153,318,603,750,861,1092,1202,1265,1157,1252,1184,1200,1063,899,770,693,501,378,345,222,6/1/2023
106,20230602,P,119,86,94,104,88,175,319,434,515,1028,1195,1344,1268,1564,1429,1343,1118,1099,1214,851,554,355,261,167,6/2/2023
106,20230602,S,184,116,97,87,127,340,585,674,1068,1104,1360,1428,1433,1777,1744,1773,1538,1573,1231,916,678,451,343,207,6/2/2023
106,20230603,P,120,81,75,68,96,141,297,461,740,977,1256,1272,1275,1374,1342,1236,1203,998,900,715,552,437,267,180,6/3/2023
106,20230603,S,176,109,79,99,120,268,465,715,936,1181,1424,1437,1431,1411,1385,1307,1108,876,735,620,463,364,287,179,6/3/2023
106,20230604,P,113,94,77,80,90,130,270,405,680,1051,1684,1955,2051,2099,1996,1986,1755,1419,1143,846,653,454,278,165,6/4/2023
106,20230604,S,138,92,61,70,98,169,287,450,616,890,1167,1356,1393,1400,974,1249,1424,1050,880,614,499,386,310,183,6/4/2023
106,20230605,P,92,72,79,59,89,188,392,574,783,908,1095,1179,1241,1247,1260,1258,1142,1013,781,569,441,298,211,121,6/5/2023
106,20230605,S,118,98,83,112,168,369,676,895,939,1156,1368,1345,1188,1101,1072,987,872,688,695,510,414,301,205,156,6/5/2023
106,20230606,P,81,42,64,47,85,174,305,513,683,829,941,1029,1070,1230,1124,1207,1191,982,758,607,438,279,209,146,6/6/2023
106,20230606,S,149,91,81,81,132,306,595,730,831,1005,1058,1029,1004,937,966,963,87,1168,606,524,382,334,244,173,6/6/2023
106,20230607,P,90,79,71,64,108,184,367,500,674,807,941,1084,1191,1389,1313,1150,1078,986,772,522,431,317,239,162,6/7/2023
106,20230607,S,233,109,106,98,168,331,587,775,825,1018,1185,1222,1034,1109,1111,1042,988,863,717,551,389,376,243,190,6/7/2023
106,20230608,P,72,72,83,80,104,193,343,499,677,966,1141,1127,1234,1139,1185,1434,1312,1134,929,752,562,374,279,167,6/8/2023
106,20230608,S,179,116,85,87,175,335,676,821,1014,1209,1296,1424,1409,1361,1491,1476,1323,1134,1059,862,583,441,294,166,6/8/2023
106,20230609,P,105,48,96,73,121,193,356,524,752,1014,1264,1382,1395,1583,1747,1598,1490,1258,1113,842,632,455,292,223,6/9/2023
106,20230609,S,121,62,17,95,183,333,619,971,1064,1401,1661,1966,1853,1984,1835,2116,2102,1691,1414,990,668,455,382,244,6/9/2023
106,20230610,P,141,83,89,67,87,161,317,553,874,1189,1424,1603,1428,1559,1642,1649,1443,1406,1126,885,665,484,322,221,6/10/2023
106,20230610,S,188,126,93,111,145,278,599,848,1158,1619,1686,1816,1778,1598,1470,1266,1179,1082,894,678,535,437,336,221,6/10/2023
106,20230611,P,163,95,69,51,96,135,339,551,954,1531,2361,2444,2218,1116,2064,2358,2234,1928,1464,1026,739,472,280,177,6/11/2023
106,20230611,S,168,114,85,89,106,203,302,593,906,1249,1480,1661,1782,1632,1555,1524,1315,1173,921,724,548,333,309,194,6/11/2023
106,20230612,P,107,73,77,82,86,204,453,634,778,982,1282,1251,1579,1547,1389,1340,1172,1045,775,551,418,312,223,125,6/12/2023
106,20230612,S,127,119,87,100,182,408,700,902,974,1193,1445,1267,1156,1173,1118,969,909,766,613,473,395,274,301,238,6/12/2023
106,20230613,P,104,74,11,42,101,163,346,519,657,860,1017,1009,1044,1155,1224,1131,1224,1081,746,513,450,339,238,133,6/13/2023
106,20230613,S,161,131,14,6,152,285,586,719,936,1000,1073,1189,1039,986,1046,1074,950,813,646,543,433,316,233,193,6/13/2023
106,20230614,P,120,66,68,76,102,215,411,556,730,942,963,1133,1252,1262,1335,1234,1333,1301,947,662,535,441,274,172,6/14/2023
106,20230614,S,148,109,92,97,171,336,612,859,952,1144,1114,974,1630,1139,1144,1153,1050,866,764,746,532,404,248,198,6/14/2023
106,20230615,P,118,83,80,88,120,218,381,564,777,968,1164,1061,1235,1263,1397,1283,1241,1134,976,683,517,488,376,190,6/15/2023
106,20230615,S,210,119,92,110,183,339,633,878,991,1109,1433,1454,1555,1664,1678,1680,1594,1370,1125,984,599,444,346,249,6/15/2023
106,20230616,P,135,91,87,72,120,203,373,607,804,1064,1345,1460,1550,1578,1729,1668,1401,1238,1100,824,591,437,324,207,6/16/2023
106,20230616,S,184,130,104,119,175,329,650,907,1217,1280,1548,1917,1906,1981,1806,1917,1646,2048,1963,1561,1052,550,379,242,6/16/2023
106,20230617,P,148,87,95,88,107,177,369,526,755,1186,1644,1643,1533,1598,1603,1722,1398,1367,1101,794,613,493,304,209,6/17/2023
106,20230617,S,197,157,97,110,150,285,522,873,1119,1528,1802,1828,2070,1777,1611,1471,1290,1118,864,708,571,403,322,250,6/17/2023
106,20230618,P,142,97,90,93,83,150,324,502,947,1514,2110,2342,2318,2433,2463,2485,2456,2096,1709,1127,1252,732,328,212,6/18/2023
106,20230618,S,171,121,92,87,104,211,355,647,876,1301,1602,1760,1849,1786,1991,1587,1344,1252,976,788,652,536,323,229,6/18/2023
106,20230619,P,124,81,75,82,100,213,446,684,877,1238,1469,1757,1854,2146,2359,2144,1941,1732,1442,1009,797,565,304,164,6/19/2023
106,20230619,S,158,107,70,96,189,454,755,998,1215,1409,1691,1793,1668,1495,1416,1374,1181,985,769,606,506,351,286,181,6/19/2023
106,20230620,P,97,72,84,73,99,205,400,529,743,952,1101,1179,1267,1319,1309,1227,1234,1097,970,765,608,448,282,202,6/20/2023
106,20230620,S,144,112,91,92,147,343,643,826,910,1150,1313,1290,1115,1215,1054,1087,942,794,651,574,526,355,245,194,6/20/2023
106,20230621,P,122,76,73,67,111,217,358,535,731,932,1107,1244,1298,1376,1477,1354,1317,1152,887,758,515,421,276,208,6/21/2023
106,20230621,S,156,87,84,95,164,326,707,839,941,1197,1255,1567,1467,1348,1327,1249,1279,1021,842,664,493,339,250,204,6/21/2023
106,20230622,P,128,75,88,112,104,213,401,559,812,1027,1236,1343,1533,1621,1463,1636,1399,1191,1084,780,639,556,374,222,6/22/2023
106,20230622,S,137,122,101,109,188,371,503,988,1055,1216,1539,1731,1646,1647,1433,521,1465,1362,1086,918,614,430,317,249,6/22/2023
106,20230623,P,109,96,99,99,125,204,419,638,860,1151,1537,1449,1839,1945,2051,1828,1644,1524,1179,977,715,526,358,191,6/23/2023
106,20230623,S,191,129,129,114,168,335,660,993,1125,1410,1761,1845,1800,2045,2060,1995,2111,2126,1570,1219,863,542,395,286,6/23/2023
106,20230624,P,122,88,101,90,98,212,475,740,1054,1337,1690,1878,1843,1889,1931,1850,1787,1459,1229,1033,786,565,388,256,6/24/2023
106,20230624,S,171,143,103,134,166,295,548,757,1474,1756,1701,2053,1914,1972,1858,1686,1358,1063,899,697,676,458,356,327,6/24/2023
106,20230625,P,143,141,105,84,119,173,396,612,1057,1785,2698,2803,2724,2503,2361,1651,2377,1816,1790,1744,1102,572,353,262,6/25/2023
106,20230625,S,236,173,87,82,126,267,415,665,911,1240,1609,1938,1850,1870,1800,1677,1598,1305,1050,814,650,474,366,278,6/25/2023
106,20230626,P,139,90,72,86,119,234,500,742,892,1207,1459,1511,1720,1645,1601,1583,1446,1258,999,784,562,407,274,186,6/26/2023
106,20230626,S,181,115,90,109,178,403,813,951,946,1365,1475,1714,1471,1407,1332,1196,1049,887,739,621,519,363,284,163,6/26/2023
106,20230627,P,103,86,64,71,105,207,389,499,758,983,1155,1194,1275,1384,1317,1385,1257,1120,941,726,562,403,266,178,6/27/2023
106,20230627,S,191,179,106,106,156,350,661,826,985,962,1393,1292,1198,1161,1052,1114,1017,816,665,602,459,357,308,237,6/27/2023
106,20230628,P,92,88,91,96,106,211,399,589,792,1022,1226,1352,1412,1434,1448,1345,1378,1246,914,750,576,474,257,195,6/28/2023
106,20230628,S,176,168,108,111,144,352,660,804,855,1147,1510,1399,1271,1148,1134,1303,757,1293,803,703,510,405,349,240,6/28/2023
106,20230629,P,111,95,69,82,102,194,362,564,723,982,1271,1356,1374,1473,1444,1466,1463,1314,1110,835,652,447,320,195,6/29/2023
106,20230629,S,181,145,108,129,184,360,672,807,969,1220,1366,1412,1416,1494,1504,1436,1354,1156,1175,1089,830,509,335,311,6/29/2023
106,20230630,P,152,111,95,99,115,234,403,638,915,1147,1510,1588,1628,1739,1935,1826,1657,1432,1186,960,735,454,392,256,6/30/2023
106,20230630,S,277,232,169,152,199,441,761,1111,1198,1458,1968,2049,2200,2083,1976,2075,2480,2390,2131,1626,1164,855,643,485,6/30/2023
106,20230701,P,134,108,98,83,125,214,400,591,986,1217,1694,1777,1843,1906,1784,1827,1609,1346,1138,906,675,580,347,263,7/1/2023
106,20230701,S,300,226,155,166,234,461,873,1402,1567,1862,2274,2117,2302,2134,2289,2449,2381,2194,1843,1139,839,594,513,380,7/1/2023
106,20230702,P,154,116,100,73,105,167,299,465,778,1256,1845,2023,2153,2261,2127,1853,1747,1695,1353,1229,954,716,394,241,7/2/2023
106,20230702,S,356,221,136,127,179,299,581,893,1286,1569,2272,2159,2044,2029,2133,2113,2188,1936,1176,975,759,487,338,246,7/2/2023
106,20230703,P,127,95,91,75,91,195,361,593,861,1242,1647,1769,1897,2022,2090,1869,1754,1610,1333,1025,720,546,341,273,7/3/2023
106,20230703,S,220,147,85,118,166,264,518,906,1110,1460,1831,1814,2041,1987,1675,1591,1402,1176,912,751,576,385,307,248,7/3/2023
106,20230704,P,138,109,81,63,85,151,293,499,769,1310,1927,2042,2040,2028,2016,1831,1700,1445,1333,1023,812,517,396,235,7/4/2023
106,20230704,S,250,213,114,83,125,206,397,700,1006,1107,1292,1585,1414,1265,1026,911,766,586,461,354,292,219,192,203,7/4/2023
106,20230705,P,119,105,81,79,127,371,822,1310,1543,1920,2211,2138,2095,2136,1835,1807,1592,1385,1150,925,654,467,279,156,7/5/2023
106,20230705,S,132,107,65,85,170,383,725,935,969,1243,1389,1704,1500,1434,1394,1338,1042,961,802,628,475,321,262,177,7/5/2023
106,20230706,P,110,83,83,86,134,225,454,573,869,1043,1112,1190,1883,1830,1495,1693,1433,1322,1080,848,687,458,292,194,7/6/2023
106,20230706,S,148,117,26,149,148,370,624,846,1017,904,1173,1981,1643,1417,1658,1508,1422,1213,1000,825,613,390,342,257,7/6/2023
106,20230707,P,148,105,88,80,134,234,396,643,881,1199,1554,1673,1666,1759,1817,1793,1594,1483,1336,1021,722,476,361,222,7/7/2023
106,20230707,S,176,134,99,138,144,348,659,939,1117,1337,1711,1863,1965,1989,2228,1996,1906,2048,1572,1347,841,592,384,216,7/7/2023
106,20230708,P,161,113,91,88,135,264,493,739,1041,1345,1640,1415,1473,1459,1512,1857,1954,1794,1576,1292,1159,760,363,337,7/8/2023
106,20230708,S,150,150,111,145,204,384,671,1052,1346,1806,1955,2007,1909,2207,1723,1681,1409,1121,797,714,530,442,326,254,7/8/2023
106,20230709,P,183,116,91,71,104,183,413,618,1083,1722,2409,2562,1910,2480,1897,1915,2362,2098,1735,1458,1021,688,647,213,7/9/2023
106,20230709,S,178,99,90,85,115,246,407,613,969,1262,701,1132,2016,1914,1849,1602,1528,1261,969,778,594,411,330,251,7/9/2023
106,20230710,P,140,87,83,80,107,261,578,786,1008,1225,1539,1505,1393,1462,1464,1392,1259,1031,924,835,602,392,248,160,7/10/2023
106,20230710,S,216,114,102,105,176,441,715,881,1044,1317,1478,1544,1492,1359,1405,1130,1233,949,739,638,509,369,282,176,7/10/2023
106,20230711,P,222,182,120,195,197,177,365,538,746,948,1083,1168,1206,1244,1376,1422,1242,1177,889,709,544,437,482,223,7/11/2023
106,20230711,S,21,5,5,0,5,212,699,827,872,1044,1252,1399,1367,1275,1299,1339,1104,974,849,679,502,407,249,20,7/11/2023
106,20230712,P,438,218,159,186,194,207,418,627,853,1063,1285,1297,1306,1400,1400,1502,1346,1210,998,718,587,475,535,588,7/12/2023
106,20230712,S,5,9,13,9,132,340,636,874,986,1229,1332,1441,1383,1268,1411,1358,1384,1089,918,740,604,359,26,8,7/12/2023
106,20230713,P,403,219,214,188,203,234,458,647,869,1133,1350,1491,1525,1606,1772,1699,1574,1419,1245,849,711,572,560,545,7/13/2023
106,20230713,S,9,17,10,4,125,367,675,874,1011,1279,1460,1691,1475,1733,1648,1562,1542,1364,1146,1112,764,415,17,7,7/13/2023
106,20230714,P,379,238,251,197,241,259,435,608,958,1226,1547,1805,1987,2159,2160,2038,1803,1490,1251,1031,763,404,644,254,7/14/2023
106,20230714,S,5,9,7,19,118,392,712,969,1155,1375,1676,2080,2129,1396,1764,2088,2532,2495,2106,1650,1122,725,576,347,7/14/2023
106,20230715,P,127,94,98,107,139,221,469,733,1122,1550,1851,1960,1881,1946,2017,1847,1799,1626,1383,1174,847,645,395,317,7/15/2023
106,20230715,S,266,247,146,162,220,352,789,1169,1481,870,1195,1872,2192,1990,2236,2136,1878,1567,884,791,630,561,496,313,7/15/2023
106,20230716,P,169,107,100,91,131,209,396,686,1253,1994,2742,2851,2385,2567,2234,2246,2396,1859,1572,1536,1073,723,435,551,7/16/2023
106,20230716,S,269,206,136,102,123,256,430,697,1010,1522,1823,1911,2049,1748,1525,1945,1874,1961,1321,981,737,572,206,7,7/16/2023
106,20230718,P,250,179,176,166,151,215,456,630,851,1012,1290,1353,1384,1428,1504,1442,1331,1228,984,687,567,411,592,632,7/18/2023
106,20230718,S,10,11,10,17,154,376,648,792,925,1130,1211,704,1467,1767,1234,1318,1087,905,726,644,510,133,14,10,7/18/2023
106,20230719,P,155,100,68,120,120,210,422,610,855,1142,1294,1399,1417,1476,1460,1485,1344,1165,1026,796,567,229,422,180,7/19/2023
106,20230719,S,5,5,7,6,156,376,682,829,1035,1183,1205,1502,1536,1444,1499,1400,1236,1153,875,809,449,11,7,5,7/19/2023
106,20230720,P,155,197,240,138,283,234,387,625,865,1074,1252,1285,1430,1485,1467,1502,1609,1390,1057,775,621,499,298,196,7/20/2023
106,20230720,S,2,5,11,9,9,404,653,782,786,1267,1645,1938,1674,1737,1686,1746,1524,1364,1233,956,705,483,350,289,7/20/2023
106,20230721,P,132,96,88,105,132,259,450,690,953,1177,1593,1536,1559,1920,1876,1825,1737,1598,1150,1084,770,572,345,192,7/21/2023
106,20230721,S,219,169,162,127,202,398,722,1045,1225,1553,1808,2045,1884,2227,2274,2318,2164,2262,2132,1715,1081,613,379,264,7/21/2023
106,20230722,P,140,98,91,102,216,323,486,707,1093,1489,1868,1833,1851,1926,1877,2037,1776,1725,1733,1291,1128,910,641,303,7/22/2023
106,20230722,S,245,143,104,129,216,411,848,1290,1663,1997,1990,2110,1871,2062,2094,2155,2283,1773,962,774,691,528,385,230,7/22/2023
106,20230723,P,177,109,94,92,135,224,462,755,1320,2197,2945,2916,2691,2360,1776,1901,1894,2250,1989,1593,1200,709,374,356,7/23/2023
106,20230723,S,184,110,94,82,122,245,456,734,1003,1329,1675,1866,1758,1746,1809,1738,1693,1196,1007,859,601,483,358,48,7/23/2023
106,20230724,P,386,221,179,185,285,267,558,804,1076,1338,1626,1555,1691,1697,1616,1521,1351,1193,1042,818,632,462,543,417,7/24/2023
106,20230724,S,17,17,16,16,27,512,742,876,1077,1303,1550,1649,1568,1532,1415,1278,1336,997,883,665,498,150,9,15,7/24/2023
106,20230726,P,426,194,205,154,312,243,497,723,929,1127,1350,1287,1302,1430,1408,1382,1356,1339,1372,780,589,489,544,287,7/26/2023
106,20230726,S,16,9,16,13,73,407,702,936,952,1202,1555,1501,1457,1318,1573,1407,1232,947,876,796,530,265,23,23,7/26/2023
106,20230727,P,494,343,205,225,280,207,417,628,951,1118,1342,1374,1457,1531,1702,1600,1540,1371,1207,882,642,525,576,601,7/27/2023
106,20230727,S,18,9,18,3,18,443,701,921,1005,1363,1647,1739,1622,1797,1581,2108,1766,1432,1351,1103,756,427,23,12,7/27/2023
106,20230728,P,348,230,208,232,242,248,439,673,992,1231,1612,1776,1842,1810,1978,1987,1699,1629,1249,937,741,551,533,209,7/28/2023
106,20230728,S,12,14,7,18,109,387,768,1112,1205,1686,1834,2145,2033,2155,2330,2114,2345,2327,2047,2152,1088,675,516,338,7/28/2023
106,20230729,P,158,113,101,102,126,239,462,721,1067,1437,1843,1853,1650,1524,1906,2189,2273,1698,1348,1037,877,592,436,313,7/29/2023
106,20230729,S,229,143,108,124,237,391,723,1144,1599,1837,2059,1875,2007,1996,2089,1594,1456,1126,904,718,599,487,372,288,7/29/2023
106,20230730,P,196,121,114,87,131,214,457,709,1336,2118,2923,2914,2485,2013,1731,1484,1528,1774,2227,1573,1265,719,440,284,7/30/2023
106,20230730,S,179,113,105,94,124,259,414,696,994,1374,1621,1885,1917,1795,1750,1103,1612,1557,1063,872,652,475,399,163,7/30/2023
106,20230731,P,339,283,204,176,309,293,626,916,1078,1327,1673,1691,1557,1776,1762,1529,1547,1360,1001,760,517,376,404,316,7/31/2023
106,20230731,S,12,10,12,14,115,415,742,910,1058,1255,1003,1359,1155,1697,1303,1460,1029,1002,789,660,535,396,56,18,7/31/2023
106,20230801,P,115,66,67,57,149,215,468,685,804,972,1298,1252,1255,1381,1312,1362,1329,1045,838,598,463,257,267,188,8/1/2023
106,20230801,S,3,5,4,5,105,372,656,792,888,712,1284,1453,1264,1303,1363,1159,1094,851,664,755,480,208,11,4,8/1/2023
106,20230802,P,163,87,89,99,115,196,404,636,762,979,1189,1190,1277,1356,1326,1313,1301,1093,996,689,614,536,206,218,8/2/2023
106,20230802,S,3,7,5,6,54,349,611,774,996,904,1281,1544,1279,1539,1390,1436,1396,1271,846,834,562,445,43,9,8/2/2023
106,20230803,P,295,254,171,226,261,211,420,684,847,1054,1257,1278,1367,1430,1590,1521,1196,1501,1109,834,640,563,619,464,8/3/2023
106,20230803,S,11,17,5,9,98,391,693,880,1083,950,1558,1558,1388,1577,1847,1363,1938,1599,1202,969,727,207,12,12,8/3/2023
106,20230804,P,411,344,298,226,230,268,427,638,913,1120,1390,1505,1620,1709,1763,1681,1602,1505,1207,915,745,514,344,225,8/4/2023
106,20230804,S,14,13,13,7,141,383,678,1026,1352,1519,1851,1978,2186,2058,2076,2308,2208,2158,2163,1901,1226,677,446,254,8/4/2023
106,20230805,P,162,109,104,75,112,229,449,700,1017,1382,1773,1798,1801,1829,2044,2125,2044,1765,1412,1131,897,742,455,288,8/5/2023
106,20230805,S,206,119,98,126,212,466,759,1186,1497,1740,1850,2119,2028,2022,1900,1836,1281,1169,922,697,583,472,358,246,8/5/2023
106,20230806,P,160,131,109,84,102,225,476,765,1362,2257,2944,2196,2329,1746,2105,1623,2043,2232,1625,1544,1073,656,348,224,8/6/2023
106,20230806,S,206,124,90,98,140,220,356,639,935,1270,1490,1738,1983,1835,1672,1459,1599,1218,974,827,588,501,366,195,8/6/2023
106,20230807,P,339,203,178,166,140,271,584,839,1085,1314,1518,1562,1639,1609,1455,1576,1316,1262,996,746,545,535,389,538,8/7/2023
106,20230807,S,4,1,5,28,223,465,723,874,1050,854,1326,1454,1602,1060,1187,1376,1146,920,791,596,495,97,12,14,8/7/2023
106,20230808,P,288,230,170,172,238,209,393,667,854,999,1178,1183,1264,1335,1395,1317,1260,1188,986,739,527,425,315,416,8/8/2023
106,20230808,S,12,11,8,16,8,383,662,748,972,825,1190,1382,1213,1131,1205,813,1380,895,707,666,487,354,118,6,8/8/2023
106,20230809,P,275,234,174,174,289,210,413,618,832,1013,1152,1189,1235,1415,1276,1481,1329,1289,995,759,576,407,155,17,8/9/2023
106,20230809,S,9,5,6,7,89,330,710,845,1007,830,1486,1259,1183,1277,1354,1049,1645,1013,865,740,587,500,304,463,8/9/2023
106,20230810,P,10,9,9,20,65,198,378,631,851,1007,1256,1212,1327,1392,1481,1452,1283,1176,1180,866,615,462,155,9,8/10/2023
106,20230810,S,376,226,197,189,267,406,680,878,1096,946,1666,1437,1608,1639,1852,1556,2087,2024,1485,1094,803,514,590,514,8/10/2023
106,20230811,P,10,12,9,9,24,339,415,591,916,1126,1495,1482,1607,1779,1747,1780,1591,1489,1298,953,640,544,479,259,8/11/2023
106,20230811,S,381,260,188,191,237,362,736,1066,1283,1593,1766,2110,2043,2139,2075,2394,2322,2204,2119,1342,1208,642,393,280,8/11/2023
106,20230812,P,140,122,82,86,120,200,458,695,981,1429,1837,1851,1914,2078,1995,1457,680,1187,1896,1088,921,661,578,289,8/12/2023
106,20230812,S,170,118,129,133,225,389,731,1146,1429,1758,2093,2076,2186,1954,1758,1624,1428,1263,945,754,592,488,324,270,8/12/2023
106,20230813,P,179,123,117,104,139,244,485,710,1363,2224,3018,2695,2503,2193,2045,1664,2309,1877,1728,1605,1117,622,307,197,8/13/2023
106,20230813,S,162,115,91,96,138,202,313,611,1098,1187,1433,1721,1649,1616,1498,1509,1264,1084,989,804,598,452,328,211,8/13/2023
106,20230814,P,32,7,9,20,11,220,539,800,955,1190,1426,1423,1543,1476,1567,1517,1303,1243,969,796,525,232,12,6,8/14/2023
106,20230814,S,201,224,152,199,291,497,714,904,986,894,1297,1238,1417,1367,844,1372,939,909,749,596,453,386,578,377,8/14/2023
106,20230815,P,5,6,12,13,76,206,378,618,833,949,1057,1100,1148,1207,1316,1264,1222,1094,1024,691,530,397,32,5,8/15/2023
106,20230815,S,312,195,164,198,262,356,534,926,904,795,1250,1253,1202,1149,1177,999,1064,900,739,624,528,436,271,571,8/15/2023
106,20230816,P,9,7,13,23,154,195,415,588,843,859,1142,1244,1215,1227,1230,1233,1274,1098,972,499,329,231,8,13,8/16/2023
106,20230816,S,371,170,157,191,195,295,675,800,938,1102,1232,1125,1329,1150,1308,940,1393,988,834,655,529,352,584,479,8/16/2023
106,20230817,P,8,10,7,19,120,229,394,585,798,958,1167,1202,1259,1372,1406,1441,1451,1302,1187,830,619,399,55,17,8/17/2023
106,20230817,S,349,350,213,196,245,393,726,839,1018,1167,1290,1303,1615,1355,1530,1784,1489,1244,856,1177,767,504,472,391,8/17/2023
106,20230818,P,11,6,10,8,111,200,345,615,159,175,150,970,1551,1634,1710,1808,1516,1372,1189,968,723,487,319,186,8/18/2023
106,20230818,S,349,292,179,190,226,332,659,980,1214,1491,1695,1934,1953,1884,2213,2144,2096,2022,1754,1441,968,621,449,264,8/18/2023
106,20230819,P,90,48,60,68,157,177,355,628,934,1274,1547,1628,1689,1798,1753,1912,1790,1473,1289,1032,885,575,388,338,8/19/2023
106,20230819,S,215,152,107,119,216,405,653,1089,1523,1491,1982,2172,2062,1827,1627,1529,1370,1064,939,763,532,471,329,274,8/19/2023
106,20230820,P,233,118,100,91,123,186,369,611,1182,1874,2861,2714,2663,2809,2450,2291,1979,1891,1643,1446,1066,763,523,205,8/20/2023
106,20230820,S,193,196,131,88,112,220,350,576,855,1202,1606,1750,1918,1658,1961,1632,1364,1181,943,836,687,473,284,216,8/20/2023
106,20230821,P,105,12,12,8,18,300,582,831,1000,1196,1440,1539,1447,1505,1496,1456,1332,1113,981,683,509,183,7,15,8/21/2023
106,20230821,S,185,194,153,156,302,453,785,806,926,1188,920,1405,1336,1421,1065,1104,1051,824,720,643,432,352,588,344,8/21/2023
106,20230822,P,16,11,6,23,54,197,386,520,689,744,953,1063,1163,1185,1242,1239,1197,1184,883,548,14,8,1,1,8/22/2023
106,20230822,S,243,200,139,145,255,343,664,845,893,1073,1252,1096,1083,973,928,988,917,702,618,563,525,642,502,497,8/22/2023
106,20230823,P,4,1,3,14,19,211,371,547,693,781,969,1080,1253,1311,1259,1352,1273,1148,873,689,460,111,15,16,8/23/2023
106,20230823,S,281,180,137,165,211,439,558,802,904,1056,1170,1157,1135,1099,1053,1097,955,835,757,663,496,437,519,356,8/23/2023
106,20230824,P,9,22,8,19,67,202,367,571,781,935,1113,1160,1229,1331,1464,1368,1074,911,1010,679,345,205,162,98,8/24/2023
106,20230824,S,348,192,192,136,287,382,638,813,927,1130,1357,1352,1290,1309,1263,941,403,1478,1407,797,588,419,293,202,8/24/2023
106,20230825,P,85,84,156,134,134,207,381,562,845,972,1193,1383,1468,1527,1585,1477,1302,1201,1004,692,514,331,267,182,8/25/2023
106,20230825,S,111,93,87,99,137,326,621,771,982,1186,1494,1580,1641,1788,1948,1649,1693,1924,1654,1195,781,559,307,233,8/25/2023
106,20230826,P,114,79,83,68,109,185,314,543,819,1177,1530,1574,1449,1577,1557,1607,1510,1448,911,576,460,429,459,218,8/26/2023
106,20230826,S,161,98,77,101,137,259,540,909,1135,1428,1596,1715,1754,1640,1460,1381,1145,1009,841,640,568,385,310,247,8/26/2023
106,20230827,P,138,96,92,83,109,169,343,587,998,1713,2492,2508,2680,2480,2234,1996,1939,1652,1267,1094,743,460,249,172,8/27/2023
106,20230827,S,163,108,84,72,102,192,339,522,787,1082,1306,1570,1572,1505,1430,1359,1203,1197,934,722,491,361,318,263,8/27/2023
106,20230828,P,94,11,12,7,51,213,476,611,770,916,1139,1136,1227,1210,1257,1284,1241,1021,804,548,395,292,18,13,8/28/2023
106,20230828,S,152,211,140,140,262,397,699,867,859,1146,1283,1059,1192,1092,1017,773,1058,766,633,475,399,284,442,371,8/28/2023
106,20230829,P,15,7,14,19,46,173,364,535,663,834,920,917,997,1036,1127,1167,1144,1032,931,605,453,220,18,6,8/29/2023
106,20230829,S,259,186,125,149,241,346,601,747,772,1203,1243,1169,742,1051,912,906,844,712,629,489,431,279,467,387,8/29/2023
106,20230830,P,14,10,10,19,54,139,353,530,672,843,976,1039,1101,1183,1242,1254,1067,1000,946,587,471,237,16,17,8/30/2023
106,20230830,S,250,164,181,184,248,368,677,758,859,1062,1203,1208,1080,1076,1093,969,981,861,715,648,475,378,568,332,8/30/2023
106,20230831,P,25,14,6,13,66,242,345,526,716,902,1042,1097,1256,1383,1397,1348,1315,1196,1046,766,591,440,14,10,8/31/2023
106,20230831,S,298,206,179,230,232,375,704,924,922,1231,1352,1483,1524,1620,1552,1555,1694,1611,1366,1212,902,702,640,570,8/31/2023
106,20230901,P,10,13,6,88,123,220,353,534,651,900,1188,1275,1402,1525,1688,1598,1402,1303,1096,930,633,436,320,186,9/1/2023
106,20230901,S,350,235,281,185,221,449,810,1208,1285,1727,1940,2098,2325,2304,2332,2355,2267,2571,2272,2293,2020,1837,669,348,9/1/2023
106,20230902,P,129,86,67,84,97,176,264,458,803,1047,1208,1339,1482,1445,1520,1618,1468,1329,1275,1003,744,528,708,299,9/2/2023
106,20230902,S,222,195,130,159,278,422,798,1403,1898,1996,2401,2170,2078,2491,2271,2030,2144,1779,947,757,554,421,296,214,9/2/2023
106,20230903,P,197,106,79,65,82,161,246,434,753,1377,2039,2324,2264,2266,2274,2140,2141,2054,1601,1254,1070,776,674,384,9/3/2023
106,20230903,S,161,99,98,71,126,208,393,664,1112,1466,1846,1860,1872,1753,1710,1454,1279,986,841,617,495,332,254,176,9/3/2023
106,20230904,P,197,135,88,76,132,206,456,919,1761,3032,2838,2263,1953,1851,1868,1847,1854,1423,4,1041,1766,1317,421,207,9/4/2023
106,20230904,S,166,116,74,86,130,208,304,570,768,1049,1311,1449,1451,1395,1240,1123,1056,892,670,616,428,348,233,185,9/4/2023
106,20230905,P,139,73,54,79,113,298,671,901,1027,1222,1476,1375,1432,1376,1487,1309,1260,1069,887,669,486,290,9,3,9/5/2023
106,20230905,S,119,82,69,91,173,422,727,863,902,1110,1258,1164,1092,1045,970,979,919,799,665,550,418,320,373,301,9/5/2023
106,20230906,P,2,3,2,6,56,172,344,501,571,998,941,1001,1076,1096,1117,1327,1183,1051,871,676,443,231,8,15,9/6/2023
106,20230906,S,200,194,134,134,232,349,644,828,922,1064,1242,1191,1117,916,968,1164,816,819,639,564,438,353,518,332,9/6/2023
106,20230907,P,5,8,2,8,43,197,385,534,656,880,977,1080,1246,1321,1103,883,775,854,754,555,466,415,454,7,9/7/2023
106,20230907,S,253,196,139,194,253,359,576,872,1017,1166,1242,1429,1364,1244,1316,1290,1246,1098,925,708,594,404,292,531,9/7/2023
106,20230908,P,5,6,3,3,40,225,418,579,776,894,1080,1253,1750,2015,1739,1717,1532,1504,761,0,6,647,279,201,9/8/2023
106,20230908,S,622,305,179,166,330,390,642,977,1128,1321,1662,1883,1807,1985,2128,1998,1962,1768,1530,1137,920,586,376,292,9/8/2023
106,20230909,P,110,84,82,71,110,220,402,632,867,1164,1440,1365,1389,1599,1688,1841,1678,1570,1356,1171,986,613,469,217,9/9/2023
106,20230909,S,201,120,114,118,206,314,600,1060,1311,1574,1804,1962,1862,1935,1639,1601,1405,1205,943,721,526,370,235,228,9/9/2023
106,20230910,P,149,112,64,101,93,149,289,625,1075,1973,2798,1999,2318,1895,2445,1848,1677,1610,1811,1217,769,437,219,143,9/10/2023
106,20230910,S,153,88,62,86,106,193,291,534,594,1107,1280,1292,1602,1485,1443,1483,1395,1112,978,961,607,430,271,235,9/10/2023
106,20230911,P,110,63,56,71,98,219,445,542,764,951,1223,1254,1300,1273,1337,1232,1044,929,982,614,458,134,1,4,9/11/2023
106,20230911,S,241,112,91,105,179,431,781,962,1053,1228,1289,1401,1261,1206,1177,1124,919,845,706,598,448,364,515,327,9/11/2023
106,20230912,P,7,6,0,5,45,185,319,492,711,793,942,1048,1073,1087,1260,1324,1359,1082,819,593,435,113,8,5,9/12/2023
106,20230912,S,334,176,132,135,249,360,599,834,830,1093,1172,1167,1084,843,1144,906,814,655,579,549,474,396,515,312,9/12/2023
106,20230913,P,5,4,5,5,52,181,360,545,696,975,1013,1217,1285,1263,1259,1296,1269,1088,866,626,519,145,0,0,9/13/2023
106,20230913,S,258,181,152,184,163,18,886,709,813,1006,1300,1236,1112,1127,1086,1145,1002,929,776,646,531,357,660,287,9/13/2023
106,20230914,P,8,1,3,6,107,228,372,569,797,934,1140,1108,1322,1275,1276,1352,1379,1137,855,620,536,362,282,165,9/14/2023
106,20230914,S,272,166,189,164,221,362,649,774,937,1156,1295,1518,1398,1234,1644,1424,1269,1230,1004,878,595,412,274,271,9/14/2023
106,20230915,P,101,81,67,89,113,196,396,563,768,1046,1304,1443,1528,1632,1521,1559,1481,1554,1106,783,594,427,261,184,9/15/2023
106,20230915,S,227,170,149,125,138,310,640,980,971,1329,1684,1909,2126,2414,2327,1989,2499,2090,1944,1338,881,636,381,261,9/15/2023
106,20230916,P,126,95,81,77,103,160,302,492,836,1198,1457,1535,1657,1759,1819,2027,1925,1822,1516,1165,885,490,318,232,9/16/2023
106,20230916,S,161,125,98,129,186,375,616,1007,1340,1860,1986,2082,1927,1885,2009,1568,1153,999,814,686,543,389,302,248,9/16/2023
106,20230917,P,138,103,73,71,122,173,297,643,1155,2100,2978,2810,2543,2360,2343,2390,2435,1877,1648,1359,898,511,269,55,9/17/2023
106,20230917,S,185,117,106,88,117,195,299,525,822,1158,1619,1841,1783,1645,1391,1572,1209,1197,1073,990,720,487,290,224,9/17/2023
106,20230918,P,2,3,4,6,2,268,477,678,827,1057,1322,1414,1327,1403,1461,1448,1380,1216,1237,561,476,275,192,92,9/18/2023
106,20230918,S,327,180,145,141,304,435,744,862,1065,1413,1389,1363,1045,1265,1092,1010,793,781,677,510,390,285,229,158,9/18/2023
106,20230919,P,97,55,70,75,95,162,367,459,708,889,967,977,1018,1112,1194,1188,1079,1151,781,524,383,146,4,2,9/19/2023
106,20230919,S,145,85,87,73,147,307,651,782,853,828,857,1103,1289,966,977,889,855,756,565,529,388,360,329,386,9/19/2023
106,20230920,P,6,2,9,3,67,193,355,533,784,901,1014,953,1154,1167,1268,1285,1212,1152,959,582,540,332,273,296,9/20/2023
106,20230920,S,203,221,160,142,231,371,682,745,862,761,711,1508,1274,1094,1076,1085,1024,829,578,581,647,388,140,12,9/20/2023
106,20230921,P,335,163,165,144,253,189,367,499,655,949,1018,101,1575,1288,1224,1325,1306,1287,1248,712,595,394,422,390,9/21/2023
106,20230921,S,8,7,12,11,7,444,591,893,957,1289,1496,1438,1497,1388,1403,1353,1306,1280,1267,985,694,564,51,1,9/21/2023
106,20230922,P,324,208,171,181,106,214,340,511,746,977,1210,1385,1478,1657,1683,1733,1658,1373,1235,936,626,479,256,221,9/22/2023
106,20230922,S,4,4,0,0,183,322,627,944,1203,1532,1837,1535,2328,2260,2314,2272,2283,2152,1974,1036,1456,634,371,276,9/22/2023
106,20230923,P,85,88,76,64,112,160,301,520,900,1192,1529,1582,1722,1756,1832,1836,1916,1751,1566,1159,817,552,354,249,9/23/2023
106,20230923,S,158,137,89,131,177,358,605,1021,1440,1664,2029,2028,1939,1994,1613,1521,1264,974,848,692,575,419,281,196,9/23/2023
106,20230924,P,166,101,82,68,88,173,341,675,1078,1902,2675,2933,2952,2609,2419,2390,2347,1735,1717,1962,1053,549,293,248,9/24/2023
106,20230924,S,177,124,85,82,142,238,364,627,798,1256,1566,1621,1748,1563,1442,1441,1278,1188,932,738,575,393,271,69,9/24/2023
106,20230925,P,249,198,138,213,219,209,492,678,796,1072,1271,1267,1339,1462,1453,1476,1310,1246,1462,782,498,305,488,314,9/25/2023
106,20230925,S,3,6,5,5,95,409,760,898,887,1215,1528,1473,1305,1158,1129,1093,879,726,556,451,390,185,3,8,9/25/2023
106,20230926,P,301,140,175,137,219,187,341,534,707,871,959,1189,1167,1159,1055,1511,1407,1122,908,696,467,425,442,295,9/26/2023
106,20230926,S,8,7,7,4,80,343,581,774,821,1178,1291,1227,1107,1065,1021,987,868,796,574,530,393,126,5,8,9/26/2023
106,20230927,P,321,160,191,179,204,205,380,478,649,951,897,1000,1205,1235,1305,1293,1130,956,1075,1016,757,295,533,364,9/27/2023
106,20230927,S,4,4,3,4,31,331,460,793,979,1096,1062,967,1027,1029,1029,1035,1032,977,1654,690,506,297,3,6,9/27/2023
106,20230928,P,268,185,159,189,234,155,393,474,744,867,1113,1140,1196,1374,1523,1479,1373,1244,991,821,530,353,622,296,9/28/2023
106,20230928,S,7,10,6,3,85,361,683,896,983,1216,1559,1677,1554,1427,1392,1419,1322,1132,977,862,692,343,8,7,9/28/2023
106,20230929,P,267,282,170,246,188,186,379,528,708,830,1168,1645,1694,1845,1942,2050,1867,1655,1419,1013,721,433,298,174,9/29/2023
106,20230929,S,6,6,7,5,131,339,638,1024,1107,1439,1855,2101,1985,2090,2276,2121,2228,1975,2327,1439,1028,683,373,266,9/29/2023
106,20230930,P,112,101,75,87,109,168,441,667,886,1186,1558,1645,1704,1940,2223,2315,2189,1877,1594,1370,909,563,312,228,9/30/2023
106,20230930,S,231,222,102,132,153,343,739,1213,1759,2097,1896,1950,1993,2147,2038,1868,1677,1151,863,634,561,405,311,245,9/30/2023
